{
    "model": "ARTrackV2",
    "params_M": 134.653479,
    "results": {
        "cuda": {
            "FPS": 73.95553750000441,
            "Latency": 13.521637916564941,
            "Memory": 542.64453125
        }
    }
}