{
    "model": "ARTrackMamba",
    "params_M": 118.493991,
    "results": {
        "cuda": {
            "FPS": 78.71208291155797,
            "Latency": 12.704529762268066,
            "Memory": 479.2314453125
        }
    }
}