{
    "model": "ARTrackV2",
    "params_M": 134.653479,
    "results": {
        "cuda": {
            "FPS": 80.81762860420692,
            "Latency": 12.37353801727295,
            "Memory": 542.64453125
        }
    }
}