{
    "model": "ARTrackMamba",
    "params_M": 118.493991,
    "results": {
        "cuda": {
            "FPS": 53.37580691015164,
            "Latency": 18.735079765319824,
            "Memory": 481.1357421875
        }
    }
}