{
    "model": "ARTrackMamba",
    "params_M": 120.867883,
    "results": {
        "cuda": {
            "FPS": 107.98350654753813,
            "Latency": 9.260673522949219,
            "Memory": 489.28662109375
        }
    }
}