{
    "model": "ARTrackV2",
    "params_M": 134.653479,
    "results": {
        "cuda": {
            "FPS": 76.49816282750568,
            "Latency": 13.072209358215332,
            "Memory": 542.64453125
        }
    }
}